aws_s3_bucket_acl.upload_images_bucket_acl,aws_s3_bucket.upload_images_bucket
aws_s3_bucket_lifecycle_configuration.upload_images_bucket_lifecycle_configuration,aws_s3_bucket.upload_images_bucket
aws_s3_bucket_versioning.upload_images_bucket_versioning,aws_s3_bucket.upload_images_bucket
aws_s3_bucket_acl.cat_images_bucket_acl,aws_s3_bucket.cat_images_bucket
aws_s3_bucket_lifecycle_configuration.cat_images_bucket_lifecycle_configuration,aws_s3_bucket.cat_images_bucket
aws_s3_bucket_versioning.cat_images_bucket_versioning,aws_s3_bucket.cat_images_bucket
aws_s3_bucket_acl.created_lgtm_images_bucket_acl,aws_s3_bucket.created_lgtm_images_bucket
aws_s3_bucket_lifecycle_configuration.created_lgtm_images_bucket_lifecycle_configuration,aws_s3_bucket.created_lgtm_images_bucket
aws_s3_bucket_versioning.created_lgtm_images_bucket_versioning,aws_s3_bucket.created_lgtm_images_bucket
aws_s3_bucket_acl.lgtm_images_bucket_acl,aws_s3_bucket.lgtm_images_bucket
aws_s3_bucket_lifecycle_configuration.lgtm_images_bucket_lifecycle_configuration,aws_s3_bucket.lgtm_images_bucket
aws_s3_bucket_versioning.lgtm_images_bucket_versioning,aws_s3_bucket.lgtm_images_bucket
aws_s3_bucket_lifecycle_configuration.lgtm_images_access_logs_lifecycle_configuration,aws_s3_bucket.lgtm_images_access_logs
